<?xml version="1.0" encoding="UTF-8"?>
<project-private xmlns="http://www.netbeans.org/ns/project-private/1">
    <editor-bookmarks xmlns="http://www.netbeans.org/ns/editor-bookmarks/2" lastBookmarkId="0"/>
    <open-files xmlns="http://www.netbeans.org/ns/projectui-open-files/2">
        <group>
            <file>file:/D:/Degree%203%20-%20Enterprise%20Programming/Assignment/APUElectionSystem/APUElectionSystem-war/src/java/contesterController/ContesterLogin.java</file>
            <file>file:/D:/Degree%203%20-%20Enterprise%20Programming/Assignment/APUElectionSystem/APUElectionSystem-war/src/java/studentController/StudentLogin.java</file>
            <file>file:/D:/Degree%203%20-%20Enterprise%20Programming/Assignment/APUElectionSystem/APUElectionSystem-war/web/contester/contesterprofile.jsp</file>
            <file>file:/D:/Degree%203%20-%20Enterprise%20Programming/Assignment/APUElectionSystem/APUElectionSystem-war/web/WEB-INF/web.xml</file>
        </group>
    </open-files>
</project-private>
